{"cameraMode":{"drawMode":0,"name":"Shaded","section":"Shading Mode"},"sceneLighting":true,"audioPlay":false,"sceneViewState":{"showFog":true,"showMaterialUpdate":false,"showSkybox":true,"showFlares":true,"showImageEffects":true,"showParticleSystems":true},"in2DMode":false,"pivot":{"x":-17.30834197998047,"y":-15.545050621032715,"z":-3.268442153930664},"rotation":{"x":0.2520897090435028,"y":-0.669135332107544,"z":0.2599283754825592,"w":0.6489576101303101},"size":38.198028564453128,"orthographic":false}